compound,tc,b,a0,c1,epsilon,kappa,na,nb,nc
methanol,512.64,3.34e-05,0.45897,1.0068,16069.999999999998,0.0344,2,1,0
ethanol,513.92,5e-05,0.85755,1.0564,15000.0,0.0173,2,1,0
propanol,536.78,6.55e-05,1.27579,0.9857,17149.0,0.0063,2,1,0
1-butanol,563.05,8.14e-05,1.7167000000000003,0.8681,20191.0,0.0029,2,1,0
1-pentanol,469.70,9.790000000000001e-05,2.27277,0.9807,18012.0,0.0034,2,1,0
1-octanol,652.50,0.00014890000000000001,4.19005,1.055,25000.0,0.0002,2,1,0